,CIC0,SM1_Dz(Z),GATS1i,NdsCH,NdssC,MLOGP,LC50
117,3.641,0.405,1.531,0.0,1.0,3.289,3.182
425,4.061,0.134,1.658,0.0,0.0,-0.294,3.151
84,1.251,0.251,1.126,0.0,0.0,-0.786,5.072
304,2.836,1.86,1.046,0.0,2.0,4.452,8.207
622,3.921,0.134,1.789,0.0,0.0,2.502,3.861
342,1.965,1.028,0.762,0.0,0.0,2.116,5.303
375,2.568,0.389,1.012,0.0,0.0,2.296,3.513
367,4.247,0.58,1.36,2.0,1.0,3.062,5.066
641,2.495,0.56,0.835,1.0,0.0,1.099,4.023
581,3.776,0.405,0.92,0.0,0.0,3.306,4.691
497,2.469,0.582,0.913,0.0,0.0,2.688,4.002
230,3.432,0.638,1.385,0.0,1.0,1.459,5.339
624,3.585,0.331,1.491,0.0,0.0,2.224,3.53
326,3.591,0.58,1.685,0.0,1.0,1.851,4.117
661,2.434,1.17,0.996,1.0,0.0,1.391,3.575
510,3.003,0.134,1.413,0.0,0.0,2.242,2.647
145,3.351,0.496,1.466,0.0,0.0,1.097,2.392
127,3.461,0.223,1.281,0.0,0.0,2.813,4.416
37,3.641,0.331,1.933,0.0,1.0,1.565,2.67
547,1.279,0.811,1.313,0.0,0.0,0.58,2.925
151,2.777,0.56,1.127,1.0,0.0,0.922,3.118
608,2.822,0.811,1.524,0.0,0.0,0.057,0.6
548,1.523,1.028,1.512,0.0,1.0,0.996,2.693
298,2.594,0.251,0.861,0.0,0.0,1.68,3.112
458,2.086,1.685,0.396,0.0,0.0,4.594,6.72
23,3.332,0.134,1.294,0.0,0.0,2.51,3.436
429,3.528,1.74,1.288,0.0,0.0,0.626,5.466
233,4.141,0.134,1.22,0.0,0.0,4.833,6.233
197,3.739,0.0,1.25,1.0,2.0,3.267,2.149
463,2.568,0.582,0.931,0.0,0.0,2.461,3.594
442,2.803,1.501,1.124,0.0,0.0,4.053,5.385
348,3.38,1.749,1.135,0.0,1.0,3.305,4.951
77,2.98,0.251,2.261,0.0,0.0,-0.063,1.639
553,2.126,0.83,1.455,1.0,0.0,2.459,4.184
471,1.512,0.57,0.879,0.0,1.0,-0.317,2.445
268,2.591,0.331,1.629,0.0,0.0,0.874,2.395
344,2.019,1.317,0.77,0.0,0.0,3.617,5.93
527,3.035,0.223,1.662,0.0,0.0,1.209,2.217
110,3.566,0.134,1.595,0.0,0.0,1.94,3.719
365,3.249,1.3,1.327,0.0,0.0,3.948,6.446
21,2.71,0.93,0.724,0.0,0.0,2.526,4.838
534,3.98,0.452,2.013,0.0,0.0,-0.022,1.81
493,3.405,0.251,1.56,0.0,0.0,1.272,4.132
90,1.778,0.223,1.203,0.0,0.0,0.156,3.048
671,3.69,1.159,1.295,0.0,2.0,4.449,5.749
560,3.465,0.0,0.963,4.0,0.0,3.267,3.407
331,2.862,1.54,1.226,0.0,0.0,3.896,6.171
515,2.126,0.251,1.719,0.0,0.0,0.087,2.458
395,0.965,0.732,1.359,0.0,1.0,0.435,3.481
103,3.014,0.56,1.987,0.0,1.0,0.538,3.496
356,1.883,0.916,1.207,0.0,1.0,1.188,1.153
52,1.818,0.134,1.445,0.0,0.0,0.202,1.559
205,3.634,0.693,1.747,0.0,2.0,1.742,4.051
604,2.815,0.56,1.585,0.0,2.0,0.43,2.758
234,3.035,0.223,1.941,0.0,0.0,1.209,2.107
182,3.914,0.56,1.637,0.0,1.0,3.048,3.926
470,2.512,0.134,0.862,0.0,0.0,1.506,3.078
577,3.957,0.223,1.269,2.0,3.0,2.998,4.577
355,1.786,0.702,1.081,0.0,0.0,-1.265,8.132
376,3.734,0.223,1.282,0.0,0.0,2.502,3.387
517,3.065,0.923,1.317,0.0,0.0,1.271,2.015
531,2.526,0.713,1.201,1.0,0.0,2.213,3.561
655,1.965,0.405,1.169,1.0,0.0,-0.145,3.66
625,3.086,0.948,0.751,0.0,0.0,3.586,5.107
176,2.283,1.07,1.223,0.0,0.0,1.112,4.278
373,3.24,0.693,1.487,1.0,0.0,1.002,3.598
294,2.304,1.028,1.124,0.0,0.0,2.433,4.635
25,3.155,0.638,2.128,0.0,0.0,-0.937,1.102
10,2.834,0.134,1.237,0.0,0.0,1.859,3.03
462,3.023,0.56,1.349,1.0,0.0,1.239,3.917
163,2.778,0.405,1.17,1.0,0.0,1.49,2.93
128,2.641,0.496,1.077,0.0,1.0,1.697,3.537
188,2.47,1.437,1.346,2.0,2.0,1.821,6.351
366,2.137,0.223,1.375,3.0,0.0,0.548,4.865
584,3.993,0.223,1.214,1.0,0.0,3.563,4.611
595,4.268,0.916,1.19,0.0,2.0,1.936,7.849
426,3.067,1.286,1.309,0.0,0.0,2.223,5.318
33,3.833,0.405,1.522,0.0,1.0,3.492,2.092
257,3.175,0.859,2.095,0.0,0.0,2.59,4.095
419,2.719,0.891,2.292,0.0,0.0,1.94,3.289
409,3.78,0.0,1.182,0.0,0.0,3.854,4.938
414,2.33,0.932,0.931,0.0,1.0,2.529,4.559
657,2.348,0.762,0.85,0.0,0.0,2.621,3.769
384,3.386,0.251,1.225,0.0,0.0,1.586,3.086
649,1.855,1.067,1.244,0.0,0.0,1.587,3.487
679,3.41,0.134,1.722,0.0,0.0,-1.174,3.017
546,3.001,0.134,1.907,0.0,0.0,0.057,2.375
611,2.118,0.934,0.913,1.0,0.0,2.956,4.988
115,3.199,0.56,2.033,0.0,0.0,-0.129,1.02
62,3.57,1.374,2.259,0.0,0.0,2.05,6.083
319,3.196,1.38,1.234,0.0,0.0,1.321,6.018
486,1.0,1.15,0.968,0.0,1.0,0.996,3.499
6,2.834,0.134,0.95,0.0,0.0,1.591,3.021
184,3.102,0.693,1.316,0.0,2.0,2.005,3.451
196,2.024,0.405,1.605,0.0,1.0,0.133,1.307
571,2.377,0.331,1.734,0.0,0.0,-0.534,1.474
100,2.085,0.56,1.907,0.0,0.0,-0.544,1.18
314,2.624,1.621,1.502,0.0,0.0,3.213,6.314
371,2.24,0.405,1.203,0.0,0.0,-0.316,2.286
126,2.536,0.764,1.165,0.0,1.0,2.619,4.191
274,3.177,0.918,1.919,0.0,0.0,2.031,4.116
308,3.739,0.0,1.161,0.0,0.0,4.431,5.68
190,3.247,0.638,0.889,0.0,1.0,2.922,4.68
572,3.2,1.531,1.059,0.0,0.0,3.089,6.16
551,1.094,1.236,1.461,0.0,1.0,0.996,1.911
123,4.237,0.223,1.565,0.0,0.0,4.379,5.268
481,2.755,0.83,1.656,0.0,0.0,2.957,3.746
329,1.961,1.03,0.906,0.0,0.0,1.064,5.558
538,2.938,1.385,1.225,0.0,2.0,1.02,4.593
121,3.98,0.223,1.578,0.0,0.0,3.806,4.819
244,3.822,0.0,1.125,1.0,0.0,4.044,5.51
363,3.734,0.223,1.374,0.0,0.0,3.661,5.159
29,3.332,0.134,1.519,0.0,0.0,2.242,3.554
559,2.33,0.58,1.776,0.0,2.0,-0.741,0.89
474,3.052,0.638,0.903,0.0,0.0,3.237,4.906
488,2.217,0.764,0.859,1.0,0.0,2.269,5.308
122,4.114,0.223,1.571,0.0,0.0,4.098,5.219
412,2.875,0.582,2.311,0.0,0.0,1.587,3.075
633,3.171,0.134,1.011,0.0,0.0,2.186,3.984
646,3.814,0.331,1.225,0.0,1.0,3.345,3.698
287,3.69,0.223,1.062,0.0,0.0,2.726,3.599
469,2.329,0.711,0.868,0.0,1.0,1.229,3.097
511,2.555,1.11,1.686,0.0,0.0,0.289,2.601
222,3.188,1.182,1.244,0.0,1.0,1.845,5.012
575,2.024,0.405,2.065,0.0,1.0,0.133,2.269
299,3.38,0.874,0.903,0.0,1.0,3.184,5.278
452,3.423,1.19,1.993,0.0,4.0,-1.358,3.689
607,2.351,1.586,1.25,0.0,4.0,3.659,6.416
435,3.526,0.711,1.586,0.0,3.0,1.569,3.66
72,2.26,0.499,0.907,0.0,0.0,2.876,3.645
277,3.38,0.702,1.527,0.0,1.0,1.579,3.841
632,2.442,0.934,0.984,0.0,1.0,2.991,4.208
482,1.892,1.441,0.776,0.0,0.0,3.426,6.087
48,1.818,0.499,1.468,1.0,0.0,1.672,3.546
665,3.332,0.134,1.519,0.0,0.0,2.51,3.415
64,3.802,0.405,1.527,1.0,0.0,1.869,3.7
315,3.436,1.225,1.839,0.0,0.0,2.054,5.087
66,1.94,0.749,1.066,0.0,0.0,1.492,2.99
345,1.822,0.681,0.794,0.0,0.0,2.335,3.696
55,2.333,0.251,1.946,0.0,0.0,-1.053,2.576
621,2.448,0.638,1.121,0.0,0.0,1.701,2.904
383,3.073,0.693,1.438,0.0,2.0,0.787,1.055
178,3.03,1.821,1.027,0.0,2.0,5.469,6.897
677,2.086,1.501,0.766,0.0,0.0,3.909,6.093
542,1.429,0.223,1.75,1.0,0.0,-0.317,3.076
404,2.728,0.134,0.923,0.0,0.0,2.102,3.42
489,2.025,0.932,0.851,1.0,0.0,2.212,4.672
465,2.781,0.711,1.147,0.0,0.0,1.515,3.846
187,2.639,1.462,0.83,0.0,0.0,5.206,5.985
360,4.223,0.638,1.117,0.0,1.0,3.557,8.169
5,2.62,0.499,0.99,0.0,0.0,2.942,4.402
424,2.122,1.621,1.511,0.0,0.0,2.64,5.677
537,4.166,0.134,1.556,0.0,0.0,4.098,5.912
38,3.073,0.693,1.851,0.0,2.0,0.787,4.016
262,3.24,0.56,0.889,0.0,0.0,2.214,4.544
341,3.937,0.762,1.708,0.0,0.0,1.145,3.297
223,3.514,0.134,1.07,1.0,0.0,3.315,7.809
42,2.216,0.679,0.764,0.0,0.0,2.296,3.559
143,2.031,0.891,0.822,0.0,0.0,2.956,4.42
629,3.036,0.405,1.205,0.0,1.0,2.351,4.247
185,3.393,1.292,2.122,0.0,3.0,1.595,3.477
134,3.358,1.348,1.328,0.0,0.0,1.89,3.852
626,3.465,0.0,0.837,0.0,0.0,3.876,4.809
292,3.867,0.134,1.174,0.0,0.0,3.386,4.064
278,2.818,0.88,1.488,0.0,0.0,1.182,3.726
0,3.26,0.829,1.676,0.0,1.0,1.453,3.77
28,3.079,0.429,2.135,0.0,0.0,-0.521,1.308
459,2.26,1.443,0.902,0.0,0.0,4.926,6.006
47,1.594,0.223,1.333,2.0,0.0,0.094,6.297
116,2.57,1.028,2.137,0.0,0.0,1.466,2.973
689,2.831,1.393,1.077,0.0,1.0,0.906,5.317
612,2.536,0.429,0.871,0.0,1.0,1.237,2.537
170,4.285,0.134,1.551,0.0,0.0,4.379,6.255
246,2.565,0.452,1.529,0.0,0.0,0.242,2.115
224,3.436,0.331,0.951,0.0,0.0,2.786,4.338
210,3.669,0.223,1.778,0.0,0.0,2.274,3.604
362,3.351,0.797,1.907,2.0,0.0,-0.197,3.903
8,2.728,0.223,0.953,0.0,0.0,1.591,2.371
599,3.477,0.693,1.344,0.0,2.0,2.577,4.116
191,4.255,1.695,1.087,0.0,0.0,2.294,4.475
276,3.261,0.331,2.047,0.0,1.0,0.915,4.182
61,1.512,0.331,1.627,1.0,0.0,-0.386,2.891
460,1.925,1.364,0.421,0.0,0.0,4.19,5.591
528,2.585,0.0,0.917,0.0,0.0,2.255,3.502
204,3.601,0.223,1.35,3.0,2.0,2.545,4.32
158,2.868,1.286,1.294,0.0,0.0,1.919,4.809
563,2.08,1.033,0.902,0.0,0.0,3.157,3.693
248,2.95,1.772,1.351,0.0,4.0,3.11,5.383
590,3.361,0.223,1.342,0.0,0.0,2.129,5.485
227,3.52,0.223,1.59,0.0,0.0,1.882,2.883
56,2.026,0.223,1.429,1.0,0.0,0.202,5.259
576,1.5,1.278,1.868,0.0,0.0,2.604,3.916
247,2.217,0.845,0.793,1.0,0.0,2.429,5.189
330,3.979,1.306,1.404,0.0,1.0,5.176,4.239
241,3.684,1.275,1.072,0.0,1.0,4.764,7.691
44,3.08,0.405,1.609,1.0,1.0,1.619,4.786
46,2.219,0.604,1.537,0.0,0.0,2.026,3.262
350,2.206,1.3,1.36,0.0,0.0,2.371,4.739
410,3.219,0.811,1.151,0.0,0.0,2.604,3.397
640,3.177,0.629,0.871,0.0,0.0,3.315,3.365
688,3.763,0.916,0.878,0.0,6.0,2.918,4.818
447,3.26,0.251,1.287,0.0,1.0,1.994,2.745
617,2.11,1.15,0.72,1.0,0.0,3.157,5.518
129,3.38,0.638,1.506,0.0,1.0,1.57,4.38
521,3.027,0.331,1.011,0.0,1.0,1.807,3.009
479,2.634,0.223,1.298,0.0,0.0,0.943,3.131
555,3.514,0.0,1.375,2.0,2.0,3.038,4.465
519,3.005,1.683,0.774,0.0,0.0,4.804,7.287
682,2.986,0.961,1.669,0.0,4.0,1.798,3.152
186,3.191,0.223,0.847,0.0,0.0,2.859,4.967
382,3.08,0.223,1.462,1.0,0.0,1.442,3.518
313,3.055,1.273,1.132,0.0,0.0,2.931,5.393
558,2.465,1.586,1.0,0.0,4.0,3.558,7.591
113,3.74,0.134,1.581,0.0,0.0,3.186,4.396
443,4.532,0.405,1.189,2.0,2.0,4.639,5.541
389,2.309,0.762,1.118,0.0,2.0,-0.129,2.715
286,4.121,0.829,1.551,0.0,1.0,3.913,5.653
408,3.049,0.762,1.258,0.0,2.0,1.996,4.369
602,2.744,0.496,0.753,0.0,0.0,3.018,4.284
263,4.829,0.331,1.521,4.0,4.0,4.57,6.347
139,2.585,1.586,0.917,0.0,0.0,5.207,6.379
67,2.126,0.405,1.69,1.0,1.0,0.479,3.573
628,2.866,0.223,1.288,2.0,0.0,1.335,3.411
386,2.824,0.223,1.051,0.0,0.0,1.801,3.168
647,2.888,0.405,1.472,1.0,2.0,1.522,5.105
30,3.532,0.134,1.11,0.0,0.0,2.813,4.165
189,2.164,1.437,1.227,0.0,2.0,2.573,6.207
171,2.534,0.872,1.619,0.0,0.0,-1.186,2.732
464,2.636,0.827,0.999,0.0,0.0,2.573,4.393
535,4.305,0.223,1.348,3.0,2.0,3.909,5.192
337,2.893,1.236,0.907,0.0,0.0,3.842,6.047
407,1.977,1.112,0.881,0.0,0.0,2.37,4.798
381,4.324,0.0,1.205,0.0,1.0,4.738,4.302
454,2.748,0.223,2.048,0.0,0.0,0.8,1.462
434,2.333,0.251,2.327,0.0,0.0,-0.241,3.884
131,2.572,1.834,1.35,0.0,2.0,3.115,8.471
415,2.542,0.429,1.891,0.0,0.0,0.562,2.12
550,1.701,1.443,1.905,0.0,0.0,2.957,4.44
529,3.444,0.88,1.466,0.0,3.0,1.95,4.004
73,3.08,0.223,1.385,0.0,0.0,1.195,2.07
280,3.63,0.134,1.476,0.0,0.0,3.358,4.305
173,3.137,0.405,1.312,0.0,2.0,0.749,1.086
634,3.874,0.638,1.352,4.0,1.0,2.575,4.561
561,2.866,0.223,1.288,0.0,0.0,1.442,1.906
390,3.2,0.711,1.235,0.0,3.0,0.779,2.681
87,2.878,0.134,2.102,0.0,0.0,0.8,1.932
392,2.077,1.236,0.829,0.0,1.0,3.458,4.424
431,2.888,0.251,1.771,0.0,0.0,1.398,2.983
673,2.16,1.16,1.607,0.0,0.0,1.94,3.13
372,2.233,0.46,0.789,1.0,0.0,2.206,4.96
174,2.034,0.331,1.56,0.0,1.0,0.133,2.117
251,3.613,1.336,0.839,0.0,0.0,2.459,4.886
380,4.532,0.405,1.189,1.0,4.0,4.639,5.307
198,3.426,0.693,1.488,0.0,1.0,1.294,3.025
312,2.417,1.028,1.162,0.0,1.0,3.19,4.169
245,3.113,1.593,1.319,1.0,1.0,4.038,6.143
14,3.014,0.56,1.781,0.0,0.0,-0.115,0.898
232,1.831,1.182,1.901,0.0,2.0,0.158,1.234
58,0.965,0.64,1.695,1.0,0.0,0.202,4.37
166,2.507,0.405,1.5,0.0,2.0,0.076,2.851
620,2.834,0.134,1.009,0.0,0.0,2.066,3.448
12,2.126,0.251,1.114,0.0,0.0,0.143,2.157
172,4.077,0.956,1.909,0.0,0.0,3.234,4.448
544,1.0,0.83,1.432,0.0,1.0,1.672,2.856
485,3.195,0.496,1.133,0.0,1.0,2.222,4.446
302,2.857,1.421,2.282,0.0,0.0,2.357,4.295
401,2.238,1.513,2.078,0.0,0.0,0.489,4.513
80,2.755,0.405,1.844,0.0,1.0,0.996,3.231
160,3.378,0.134,0.988,0.0,0.0,3.395,4.65
289,3.465,1.3,0.888,0.0,0.0,4.098,3.623
387,3.134,0.223,1.193,0.0,0.0,1.548,2.692
54,1.961,0.582,1.361,0.0,0.0,0.202,4.748
283,2.198,0.798,0.79,0.0,1.0,2.056,3.328
370,4.205,1.512,1.046,0.0,2.0,2.11,5.002
301,3.578,0.496,1.406,0.0,1.0,2.391,4.32
505,1.333,0.754,1.148,0.0,1.0,-0.386,3.487
586,4.566,0.357,1.394,4.0,1.0,3.903,6.923
267,3.739,0.0,0.7,0.0,0.0,4.76,7.346
369,2.309,0.762,0.845,1.0,0.0,1.091,3.601
585,2.507,0.405,1.652,0.0,2.0,0.888,2.495
504,2.189,1.586,2.0,0.0,0.0,3.291,5.242
684,3.67,0.728,2.11,0.0,3.0,2.288,2.964
200,3.286,0.357,2.104,0.0,0.0,-0.521,1.771
164,3.281,0.693,1.808,0.0,2.0,1.121,3.095
19,3.111,0.732,0.923,0.0,0.0,4.068,5.643
95,2.126,0.405,1.127,0.0,0.0,-0.226,3.206
63,3.924,0.134,1.671,0.0,0.0,6.203,4.628
332,2.74,1.04,1.603,0.0,1.0,2.646,4.215
118,4.005,0.223,1.545,0.0,1.0,3.953,5.055
7,2.405,0.134,0.843,0.0,0.0,1.769,3.21
273,3.9,0.429,1.572,0.0,1.0,2.297,3.842
165,2.026,0.223,1.667,1.0,0.0,0.202,2.65
438,4.436,0.764,1.227,0.0,1.0,5.258,5.412
603,3.252,0.134,0.875,0.0,0.0,2.859,5.292
150,3.023,0.56,1.168,1.0,0.0,1.239,3.278
240,1.886,1.115,0.653,0.0,0.0,2.646,4.342
346,2.928,1.131,0.908,0.0,2.0,3.508,5.86
670,1.814,1.316,1.074,0.0,1.0,1.119,3.35
260,3.709,1.371,1.478,0.0,1.0,3.909,5.568
40,3.734,0.223,1.45,2.0,1.0,2.642,3.84
675,3.057,1.636,0.995,0.0,2.0,4.452,8.433
235,3.867,0.0,1.4,2.0,0.0,3.659,5.678
335,4.311,1.496,0.964,0.0,0.0,3.522,5.19
667,1.5,0.405,1.669,0.0,1.0,-0.386,2.661
478,2.778,0.83,1.046,0.0,0.0,3.562,6.652
252,3.739,0.0,1.204,0.0,1.0,3.374,5.434
71,2.91,0.0,1.0,0.0,0.0,2.608,3.447
484,3.137,0.251,1.335,0.0,0.0,1.141,2.412
353,4.372,0.134,1.254,0.0,0.0,5.339,6.569
358,1.975,0.802,0.775,1.0,0.0,2.799,4.227
539,4.536,0.223,1.29,0.0,0.0,4.907,6.634
397,2.428,0.956,1.907,0.0,0.0,0.113,1.301
354,3.065,1.079,0.825,0.0,0.0,5.472,6.882
399,3.046,0.0,1.333,0.0,2.0,2.352,4.075
518,3.961,0.405,1.083,1.0,0.0,3.987,5.842
461,3.905,0.56,1.399,1.0,0.0,2.65,4.947
466,4.137,0.223,1.542,0.0,1.0,4.234,5.194
154,3.459,1.47,1.483,0.0,2.0,0.491,4.486
498,1.634,0.798,1.093,0.0,0.0,0.68,2.569
594,3.003,0.134,1.032,0.0,0.0,2.152,4.171
606,3.265,0.496,0.962,0.0,1.0,3.055,4.732
636,2.435,1.113,1.109,0.0,1.0,2.354,2.839
136,4.81,0.693,1.42,0.0,2.0,5.426,2.548
338,3.898,0.887,1.45,0.0,0.0,4.066,5.999
351,3.407,1.548,1.653,0.0,0.0,1.145,6.258
195,2.855,1.331,1.325,0.0,2.0,0.454,7.045
396,2.031,0.496,1.952,0.0,1.0,-0.703,1.231
226,2.961,0.405,1.388,0.0,0.0,1.58,3.07
616,2.937,0.499,0.8,0.0,0.0,3.945,4.849
183,3.542,1.38,1.264,0.0,0.0,1.971,6.284
349,4.181,0.57,1.383,0.0,0.0,4.379,6.213
307,3.026,0.251,2.164,0.0,0.0,0.314,1.812
180,4.216,0.223,1.248,0.0,0.0,4.177,5.78
9,2.512,0.223,0.929,1.0,0.0,1.769,3.919
228,4.029,0.965,1.729,0.0,0.0,4.038,4.451
35,3.103,0.134,1.344,0.0,0.0,1.533,3.174
88,1.961,0.134,1.27,0.0,0.0,0.156,2.505
644,2.888,0.251,0.944,0.0,0.0,1.246,1.935
101,3.361,0.223,1.437,1.0,2.0,2.021,3.168
112,3.596,0.604,1.515,0.0,0.0,4.673,5.363
549,1.832,1.209,1.364,0.0,0.0,-0.792,3.828
361,3.749,0.331,1.278,0.0,0.0,2.773,4.777
578,3.383,1.408,0.892,0.0,0.0,4.804,5.44
1,2.189,0.58,0.863,0.0,0.0,1.348,3.115
238,3.13,0.429,0.88,0.0,0.0,2.679,5.229
271,2.08,0.764,0.788,0.0,0.0,1.514,4.961
269,2.118,0.956,1.643,0.0,0.0,0.057,3.638
78,2.98,0.251,1.959,0.0,0.0,-0.063,1.651
533,3.376,1.278,0.915,0.0,0.0,5.934,4.862
532,3.593,1.236,1.166,0.0,0.0,4.268,7.607
213,4.285,0.134,1.71,0.0,0.0,3.467,5.38
336,3.587,0.675,2.108,0.0,0.0,2.527,3.656
564,3.739,0.0,1.204,1.0,1.0,3.374,5.689
288,3.282,0.56,1.749,0.0,2.0,1.117,3.757
26,1.075,1.161,0.865,0.0,1.0,0.024,5.386
648,2.824,0.223,1.051,0.0,0.0,1.533,4.05
477,2.983,0.496,2.106,0.0,0.0,-0.521,1.68
120,3.201,0.693,2.004,0.0,0.0,-0.937,0.33
473,1.774,0.429,2.299,0.0,0.0,-0.41,1.897
18,2.978,1.246,1.103,0.0,1.0,3.988,6.535
146,3.452,0.331,1.476,1.0,0.0,2.402,3.87
239,1.886,1.153,0.523,0.0,0.0,2.938,4.737
676,3.401,0.732,1.185,0.0,1.0,2.791,3.529
413,1.639,0.83,1.445,2.0,0.0,2.081,5.05
231,3.73,0.829,1.562,0.0,1.0,3.182,4.732
374,2.374,0.811,0.817,1.0,0.0,2.841,5.277
453,3.332,0.134,1.068,0.0,0.0,2.242,3.806
249,3.402,0.496,1.45,1.0,0.0,2.345,4.557
398,3.871,0.829,1.558,0.0,1.0,3.026,4.539
219,2.914,0.798,0.975,0.0,1.0,2.715,4.109
81,2.024,0.977,1.328,0.0,0.0,2.604,5.052
609,3.315,0.916,1.753,0.0,2.0,-0.439,2.501
654,3.26,0.405,1.151,1.0,0.0,2.11,3.835
75,2.386,0.223,0.857,0.0,0.0,1.506,3.513
483,3.402,0.604,1.517,0.0,0.0,3.451,5.086
281,4.535,0.56,1.137,1.0,2.0,4.332,8.571
436,3.526,0.711,1.596,0.0,3.0,0.757,3.423
573,1.126,1.079,1.44,1.0,1.0,2.081,3.47
499,3.596,0.972,0.941,0.0,1.0,4.179,4.828
385,3.25,0.0,0.95,0.0,0.0,3.259,3.926
293,3.33,0.56,1.555,0.0,2.0,1.042,3.691
106,3.277,0.486,1.416,0.0,0.0,2.604,5.47
83,1.961,0.134,1.215,1.0,0.0,0.548,2.567
639,3.235,1.131,0.996,0.0,0.0,2.723,5.354
300,3.332,0.134,0.909,0.0,0.0,3.051,4.891
637,3.247,0.874,1.221,0.0,1.0,2.659,4.262
480,2.536,0.496,1.482,0.0,1.0,0.204,3.03
562,3.738,1.131,1.584,1.0,2.0,2.558,4.422
613,3.26,0.811,0.702,0.0,0.0,4.412,6.298
339,3.675,1.718,1.248,0.0,0.0,3.167,4.136
211,2.9,1.275,0.913,0.0,1.0,3.574,6.564
285,2.862,1.031,1.828,0.0,3.0,-0.463,4.512
250,3.618,0.842,1.686,0.0,2.0,1.661,5.184
147,4.288,0.865,1.327,0.0,0.0,4.295,5.642
193,3.08,0.827,1.079,2.0,0.0,1.155,5.478
512,3.86,0.223,1.55,0.0,1.0,3.661,4.51
41,3.734,0.223,1.374,2.0,2.0,2.642,4.586
265,3.421,0.58,1.7,0.0,1.0,1.57,5.029
491,3.651,1.151,0.911,0.0,2.0,2.278,4.54
495,2.233,1.07,0.841,1.0,0.0,3.377,5.251
347,3.793,0.134,0.93,0.0,0.0,4.054,6.038
259,2.019,1.317,1.288,0.0,0.0,2.689,4.368
638,2.928,1.113,1.185,0.0,1.0,2.927,4.141
229,1.883,0.711,1.162,0.0,0.0,0.602,2.924
500,1.634,0.713,1.19,0.0,0.0,0.501,2.319
215,3.332,0.134,1.294,0.0,0.0,2.242,3.374
589,2.523,0.56,1.602,1.0,1.0,0.052,4.384
291,2.726,0.496,1.108,0.0,1.0,1.06,3.1
201,2.507,0.405,1.652,1.0,1.0,0.888,4.603
256,1.886,0.988,0.764,0.0,0.0,2.343,3.889
569,2.739,0.0,1.3,1.0,1.0,1.974,2.953
208,3.029,0.331,1.847,0.0,0.0,0.314,2.474
99,2.111,0.134,1.253,0.0,0.0,0.468,2.914
135,2.96,0.88,1.53,1.0,1.0,0.787,5.244
309,2.955,0.331,1.313,0.0,0.0,0.652,2.961
119,3.896,0.134,1.571,0.0,0.0,3.503,4.822
610,1.417,0.898,0.648,0.0,0.0,2.042,4.421
540,2.165,0.134,1.912,0.0,0.0,-0.172,2.3
627,1.855,1.179,1.44,0.0,0.0,1.587,2.838
690,4.057,1.032,1.183,1.0,3.0,4.754,8.201
487,3.343,1.068,0.923,0.0,0.0,2.538,3.327
437,2.366,0.405,1.735,0.0,0.0,-0.534,0.242
149,3.041,0.947,1.298,0.0,1.0,1.976,6.607
261,3.559,0.223,1.36,0.0,0.0,2.446,3.458
272,2.8,0.693,1.091,0.0,1.0,1.437,3.603
490,1.946,0.223,1.929,0.0,0.0,-0.172,0.534
137,3.311,0.56,0.927,0.0,1.0,3.461,5.276
457,3.788,0.693,1.365,0.0,2.0,2.576,4.664
494,2.43,0.496,0.849,0.0,1.0,1.237,3.133
520,4.36,0.405,1.228,1.0,2.0,4.235,6.665
144,1.965,1.408,0.709,0.0,0.0,2.736,5.29
614,2.477,0.405,0.876,1.0,0.0,1.667,4.725
316,2.423,0.949,1.15,0.0,0.0,1.94,2.44
343,2.819,0.732,1.483,0.0,0.0,1.717,2.941
406,2.477,0.405,0.876,0.0,1.0,1.7,2.474
76,3.509,0.854,1.478,0.0,0.0,2.248,2.832
601,4.073,0.693,1.171,0.0,2.0,4.091,5.224
45,1.636,0.64,1.695,0.0,0.0,0.408,3.861
557,2.632,0.429,1.176,0.0,0.0,1.074,2.975
15,3.024,0.452,1.907,0.0,0.0,1.107,0.45
148,1.962,0.934,0.819,0.0,0.0,2.729,4.296
156,1.945,0.889,0.835,0.0,0.0,1.969,3.927
207,2.429,0.405,1.927,0.0,1.0,0.586,2.583
162,3.52,0.223,1.562,1.0,0.0,2.129,3.629
214,3.164,1.3,0.83,0.0,1.0,4.912,6.113
86,2.366,0.405,1.907,0.0,0.0,-0.128,1.037
588,2.118,0.956,1.907,0.0,0.0,-0.406,3.845
357,2.11,0.773,0.773,0.0,1.0,2.57,3.36
49,1.5,0.83,1.891,0.0,0.0,1.817,2.92
328,3.311,0.972,2.208,0.0,3.0,-0.165,4.244
290,4.085,0.134,1.482,0.0,0.0,4.234,5.63
167,2.462,0.223,1.625,1.0,0.0,0.655,3.654
60,1.0,0.405,1.5,2.0,0.0,-1.306,2.381
587,2.377,1.278,0.974,0.0,0.0,4.658,5.372
652,3.611,0.331,2.017,0.0,0.0,1.393,2.859
105,2.507,0.405,1.5,2.0,0.0,0.076,3.936
605,2.031,0.854,1.907,0.0,0.0,-0.816,2.689
175,1.667,1.278,1.5,0.0,2.0,2.459,3.955
221,2.777,0.56,1.127,1.0,0.0,1.433,4.767
306,3.588,0.251,1.506,0.0,0.0,1.564,3.57
161,2.961,0.405,1.189,0.0,0.0,1.312,2.604
69,2.565,0.693,1.987,0.0,2.0,0.057,4.031
4,3.0,0.0,0.938,1.0,0.0,2.851,3.513
295,3.691,0.711,1.073,0.0,2.0,1.746,5.472
266,1.279,1.327,1.284,0.0,0.0,2.2,4.697
132,3.222,1.501,0.872,0.0,0.0,5.149,5.861
506,2.034,0.331,1.907,1.0,0.0,-0.273,0.841
678,3.08,0.223,1.462,2.0,0.0,1.442,2.494
111,2.594,0.251,1.287,0.0,0.0,0.454,1.749
448,3.046,0.0,1.333,4.0,0.0,2.352,3.614
570,2.462,0.223,1.625,0.0,1.0,0.655,1.352
687,3.652,0.872,0.867,2.0,3.0,3.983,4.04
104,3.181,0.604,1.52,0.0,0.0,3.126,4.68
430,3.198,0.405,1.399,0.0,0.0,1.897,3.874
53,1.359,0.134,1.13,1.0,0.0,0.094,3.47
318,2.647,1.286,1.278,0.0,0.0,1.602,4.508
32,2.918,0.223,0.944,3.0,0.0,2.066,4.59
631,2.677,0.331,1.582,0.0,1.0,0.586,2.895
411,2.495,0.56,0.835,0.0,1.0,1.643,1.969
310,4.395,0.134,1.546,0.0,0.0,4.651,6.484
428,3.452,0.331,1.098,0.0,1.0,2.54,3.742
218,2.993,0.811,1.232,0.0,2.0,-0.059,5.395
642,2.233,0.57,0.883,0.0,0.0,1.501,3.325
451,4.717,0.223,1.288,1.0,1.0,4.804,6.384
669,3.86,0.223,1.429,0.0,0.0,2.502,3.919
509,3.029,0.331,2.13,0.0,1.0,0.967,1.885
284,3.159,0.965,1.584,0.0,2.0,1.121,3.77
133,3.728,0.956,1.17,0.0,0.0,4.789,5.574
472,2.092,1.359,2.273,1.0,1.0,1.246,4.796
237,2.441,0.88,1.54,0.0,2.0,0.057,4.92
125,2.456,0.331,1.259,0.0,1.0,0.496,2.858
422,2.876,0.928,1.372,0.0,1.0,1.737,6.148
305,3.179,0.0,0.805,0.0,0.0,2.994,4.154
138,3.023,0.56,1.168,0.0,1.0,2.294,3.924
142,3.389,0.223,0.849,0.0,1.0,3.587,4.108
662,2.765,0.331,0.951,0.0,1.0,1.49,2.55
225,2.217,0.872,0.875,0.0,0.0,1.769,4.182
579,3.819,0.615,0.864,0.0,0.0,4.878,3.715
254,2.216,0.582,1.287,0.0,0.0,1.467,2.74
333,3.001,0.651,0.781,0.0,0.0,4.203,5.262
441,2.585,1.586,1.352,0.0,0.0,4.092,6.551
416,2.456,0.331,0.875,0.0,1.0,1.294,2.263
317,2.548,0.947,1.051,1.0,0.0,1.66,3.588
59,1.951,0.405,1.878,0.0,0.0,-1.053,0.053
600,3.557,0.331,1.301,2.0,1.0,2.209,4.711
98,3.252,0.0,1.417,0.0,0.0,3.124,3.299
681,3.599,0.702,1.514,2.0,1.0,3.247,6.183
364,3.073,1.493,1.279,0.0,0.0,3.737,6.645
507,0.973,0.988,1.489,0.0,1.0,0.18,2.725
522,3.461,0.223,1.111,0.0,1.0,2.357,3.393
94,2.429,0.83,1.696,0.0,0.0,2.604,3.391
421,4.88,0.134,1.853,0.0,0.0,2.217,4.77
359,3.629,0.223,0.802,0.0,0.0,3.571,4.269
216,2.344,0.582,1.59,0.0,0.0,1.467,3.109
468,2.583,0.762,1.104,0.0,1.0,1.968,3.882
526,2.684,0.988,1.226,0.0,1.0,3.076,4.404
320,2.396,1.593,1.351,0.0,0.0,3.32,6.023
554,3.641,0.331,1.933,1.0,0.0,1.971,3.246
514,1.783,0.331,1.667,0.0,0.0,0.087,1.777
656,1.783,0.629,0.75,1.0,0.0,0.736,3.46
567,4.628,1.209,1.968,0.0,0.0,2.437,4.551
282,3.756,0.0,0.964,0.0,0.0,4.23,4.425
668,3.126,0.693,1.69,2.0,2.0,1.024,4.282
444,2.528,0.58,1.297,0.0,0.0,1.539,3.025
591,3.7,0.223,1.556,0.0,1.0,3.358,3.971
140,1.925,1.318,0.595,0.0,0.0,3.764,4.705
169,2.836,0.693,1.43,0.0,2.0,0.434,3.178
423,4.139,0.496,1.43,0.0,1.0,4.206,5.767
685,3.475,0.405,0.875,1.0,2.0,3.148,4.803
108,2.704,0.56,1.965,0.0,0.0,-0.917,0.15
377,3.601,0.223,1.254,0.0,1.0,2.357,3.141
242,4.461,0.405,1.139,0.0,1.0,4.548,4.727
683,2.804,1.11,0.618,0.0,6.0,1.317,6.254
212,3.832,0.223,1.587,0.0,0.0,3.503,4.41
686,2.801,0.728,2.226,0.0,2.0,0.736,3.109
565,3.191,0.223,1.154,0.0,0.0,1.737,2.686
658,2.824,0.223,1.0,0.0,1.0,2.102,2.87
593,3.465,0.0,0.802,0.0,0.0,3.958,4.984
450,4.258,0.223,1.538,0.0,1.0,4.506,5.741
179,2.031,0.872,1.475,0.0,1.0,0.202,6.424
253,2.251,1.501,1.197,0.0,0.0,4.19,5.632
155,2.442,1.211,2.254,0.0,0.0,1.401,4.305
275,2.111,1.477,1.298,0.0,0.0,3.225,5.73
130,1.279,1.16,1.714,0.0,0.0,1.209,2.936
439,4.356,1.028,1.224,0.0,1.0,5.741,5.758
623,3.532,0.134,1.518,0.0,0.0,2.813,3.959
393,2.086,0.331,1.221,1.0,0.0,0.143,3.815
270,3.274,1.214,1.011,0.0,0.0,3.311,6.54
34,3.669,0.223,1.599,0.0,0.0,2.274,3.665
545,0.965,0.64,1.695,0.0,1.0,0.202,3.272
109,3.277,0.486,1.343,0.0,0.0,2.604,3.736
20,3.315,0.223,0.96,0.0,0.0,3.395,4.629
