,CIC0,SM1_Dz(Z),GATS1i,MLOGP,NdsCH,NdssC,LC50
0,2.836,1.86,1.046,4.452,0.0,2.0,8.207
1,2.215,0.887,0.888,1.395,0.0,0.0,4.084
2,3.8324,0.134,1.671,3.9874,0.0,0.0,4.628
3,4.461,0.405,1.139,4.548,0.0,1.0,4.727
4,2.875,0.582,2.311,1.587,0.0,0.0,3.075
5,2.9,1.275,0.913,3.574,0.0,1.0,6.564
6,2.119,0.923,1.179,0.982,0.0,1.0,1.05
7,3.462,0.405,1.717,2.06,0.0,1.0,4.557
8,2.297,0.762,0.798,2.841,0.0,0.0,3.608
9,1.883,0.916,1.207,1.188,0.0,1.0,1.153
10,2.726,0.496,1.179,1.06,0.0,1.0,2.269
11,2.802,0.223,1.6,1.064,0.0,1.0,1.842
12,2.442,0.934,0.984,2.991,0.0,1.0,4.208
13,2.429,0.83,1.696,2.604,0.0,0.0,3.391
14,3.828,1.259,0.966,4.279,1.0,2.0,8.604
15,3.353,0.405,1.418,1.878,1.0,1.0,5.018
16,3.386,0.251,1.225,1.586,0.0,0.0,3.086
17,1.783,0.57,1.187,2.033,1.0,0.0,6.064
18,3.465,0.0,0.963,3.267,4.0,0.0,3.407
19,2.639,1.462,0.83,5.206,0.0,0.0,5.985
20,3.9,0.429,1.572,2.297,0.0,1.0,3.842
21,3.532,0.134,1.11,2.813,0.0,0.0,4.165
22,3.219,0.811,1.127,2.604,0.0,0.0,4.759
23,2.448,0.638,1.121,1.701,0.0,0.0,2.904
24,2.08,0.764,0.788,1.514,0.0,0.0,4.961
25,3.08,0.405,1.609,1.619,1.0,1.0,4.786
26,3.326,0.647,0.986,3.112,0.0,1.0,4.081
27,2.217,0.872,0.875,1.769,0.0,0.0,4.182
28,3.012,0.223,0.76,2.637,0.0,0.0,4.538
29,3.087,0.223,0.96,2.42,1.0,0.0,3.979
30,2.778,0.83,1.046,3.562,0.0,0.0,6.652
31,3.24,0.693,1.487,1.002,1.0,0.0,3.598
32,3.423,1.19,1.993,-1.358,0.0,4.0,3.689
33,2.857,1.421,2.282,2.357,0.0,0.0,4.295
34,3.526,0.711,1.586,1.569,0.0,3.0,3.66
35,1.883,0.711,1.162,0.602,0.0,0.0,2.924
36,3.332,0.134,0.909,3.051,0.0,0.0,4.891
37,1.9932,0.582,1.361,0.202,0.0,0.0,4.748
38,1.783,0.629,0.75,0.736,1.0,0.0,3.46
39,3.252,0.134,0.875,2.859,0.0,0.0,5.292
40,3.343,1.068,0.923,2.538,0.0,0.0,3.327
41,3.802,0.405,1.527,1.869,1.0,0.0,3.7
42,3.675,1.112,1.314,3.474,0.0,1.0,4.706
43,3.25,0.0,0.95,3.259,0.0,0.0,3.926
44,3.822,0.0,1.125,4.044,1.0,0.0,5.51
45,4.247,0.58,1.36,3.062,2.0,1.0,5.066
46,3.134,0.223,1.319,1.795,0.0,0.0,4.804
47,3.2,0.711,1.235,0.779,0.0,3.0,2.681
48,2.878,0.134,1.684,0.8,0.0,0.0,2.425
49,2.862,1.031,1.828,-0.463,0.0,3.0,4.512
50,2.238,1.513,2.078,0.489,0.0,0.0,4.513
51,1.975,0.802,0.775,2.799,1.0,0.0,4.227
52,3.333,0.405,0.963,2.974,1.0,0.0,4.632
53,3.526,0.711,1.596,0.757,0.0,3.0,3.423
54,1.892,1.441,0.776,3.426,0.0,0.0,6.087
55,3.195,0.496,1.133,2.222,0.0,1.0,4.446
56,3.281,0.693,1.808,1.121,0.0,2.0,3.095
57,1.925,1.318,0.595,3.764,0.0,0.0,4.705
58,3.896,0.134,1.571,3.503,0.0,0.0,4.822
59,3.098,0.93,1.075,2.702,0.0,0.0,5.65
60,2.983,0.496,2.106,-0.521,0.0,0.0,1.68
61,1.94,0.749,1.066,1.492,0.0,0.0,2.99
62,1.786,0.702,1.081,-1.265,0.0,0.0,8.132
63,2.755,0.405,1.844,0.996,0.0,1.0,3.231
64,3.63,0.134,1.476,3.358,0.0,0.0,4.305
65,2.216,0.679,0.764,2.296,0.0,0.0,3.559
66,1.512,0.331,1.627,-0.386,1.0,0.0,2.891
67,1.279,0.811,1.313,0.58,0.0,0.0,2.925
68,2.242,1.096,1.907,0.202,0.0,1.0,3.396
69,2.423,0.949,1.15,1.94,0.0,0.0,2.44
70,3.641,0.405,1.531,3.289,0.0,1.0,3.182
71,2.126,0.251,1.114,0.143,0.0,0.0,2.157
72,2.126,0.83,1.455,2.459,1.0,0.0,4.184
73,1.965,1.408,0.709,2.736,0.0,0.0,5.29
74,3.277,0.223,1.869,1.587,0.0,0.0,2.085
75,3.73,0.829,1.562,3.182,0.0,1.0,4.732
76,3.026,0.405,1.787,1.373,0.0,1.0,2.551
77,3.0,0.0,0.938,2.851,1.0,0.0,3.513
78,3.818,0.693,1.627,2.217,2.0,2.0,5.522
79,4.037,0.134,1.563,3.806,0.0,0.0,5.18
80,2.126,0.83,0.899,3.478,0.0,0.0,4.194
81,2.031,0.872,1.475,0.202,0.0,1.0,6.424
82,2.726,0.496,1.108,1.06,0.0,1.0,3.1
83,4.36,0.405,1.228,4.235,1.0,2.0,6.665
84,2.857,0.973,1.838,1.121,0.0,2.0,5.311
85,2.495,0.56,0.835,1.643,0.0,1.0,1.969
86,3.086,0.948,0.751,3.586,0.0,0.0,5.107
87,3.323,1.232,1.134,4.207,0.0,0.0,6.5
88,2.233,1.07,0.841,3.377,1.0,0.0,5.251
89,4.205,1.512,1.046,2.11,0.0,2.0,5.002
90,2.11,0.773,0.773,2.57,0.0,1.0,3.36
91,3.08,0.223,1.583,1.442,0.0,1.0,2.369
92,2.534,0.872,1.619,-1.186,0.0,0.0,2.732
93,3.134,0.223,1.193,1.548,0.0,0.0,2.692
94,2.215,0.887,0.888,1.395,0.0,0.0,4.33
95,2.507,0.405,1.652,0.888,1.0,1.0,4.603
96,3.332,0.134,1.294,2.51,0.0,0.0,3.436
97,4.63,0.405,1.458,5.579,2.0,1.0,3.139
98,3.436,1.225,1.839,2.054,0.0,0.0,5.087
99,1.667,1.278,1.5,2.459,0.0,2.0,3.955
100,2.429,0.405,1.927,0.586,0.0,1.0,2.583
101,2.834,0.134,1.009,2.066,0.0,0.0,3.448
102,3.247,0.874,1.221,2.659,0.0,1.0,4.262
103,2.47,1.437,1.346,1.821,2.0,2.0,6.351
104,3.08,0.223,1.462,1.442,1.0,0.0,3.518
105,2.465,1.586,1.0,3.558,0.0,4.0,7.591
106,2.024,0.405,1.605,0.133,0.0,1.0,1.307
107,1.639,0.83,1.445,2.081,2.0,0.0,5.05
108,2.815,0.56,1.585,0.43,0.0,2.0,2.758
109,4.085,0.134,1.482,4.234,0.0,0.0,5.63
110,2.217,0.659,0.788,1.758,0.0,0.0,3.727
111,2.462,0.223,1.669,0.408,0.0,0.0,1.524
112,2.16,1.16,1.607,1.94,0.0,0.0,3.13
113,2.222,0.711,0.849,0.828,0.0,0.0,3.641
114,2.926,0.582,1.939,1.548,0.0,0.0,3.046
115,2.377,1.278,0.974,4.658,0.0,0.0,5.372
116,3.514,0.134,1.07,3.315,1.0,0.0,7.809
117,3.012,0.223,1.023,2.193,0.0,0.0,3.751
118,2.434,1.17,0.996,1.391,1.0,0.0,3.575
119,3.103,0.134,1.016,2.193,0.0,0.0,3.651
120,3.26,0.405,1.151,2.11,1.0,0.0,3.835
121,2.878,0.134,2.102,0.8,0.0,0.0,1.932
122,2.351,1.586,1.25,3.659,0.0,4.0,6.416
123,3.265,0.496,0.962,3.055,0.0,1.0,4.732
124,4.086,0.452,1.843,0.37,0.0,0.0,3.463
125,1.983,1.714,2.105,2.358,0.0,0.0,5.062
126,3.532,0.134,1.518,2.813,0.0,0.0,3.959
127,2.333,0.251,2.327,-0.241,0.0,0.0,3.884
128,3.465,0.0,0.837,3.876,0.0,0.0,4.809
129,2.512,0.223,0.929,1.769,1.0,0.0,3.919
130,3.585,0.331,1.491,2.224,0.0,0.0,3.53
131,2.96,0.88,1.53,0.787,1.0,1.0,5.244
132,2.217,0.845,0.793,2.429,1.0,0.0,5.189
133,3.175,0.859,2.095,2.59,0.0,0.0,4.095
134,3.111,0.331,1.011,2.042,0.0,1.0,3.25
135,2.876,0.928,1.372,1.737,0.0,1.0,6.148
136,2.377,0.331,2.111,-0.534,0.0,0.0,2.156
137,2.024,0.405,2.065,0.133,0.0,1.0,2.269
138,2.804,1.11,0.618,1.317,0.0,6.0,6.254
139,3.041,0.947,1.298,1.976,0.0,1.0,6.607
140,2.748,0.223,2.048,0.8,0.0,0.0,1.462
141,1.822,0.829,0.834,2.509,0.0,0.0,3.933
142,1.945,0.889,0.835,1.969,0.0,0.0,3.927
143,4.061,0.134,1.658,-0.294,0.0,0.0,3.151
144,2.641,0.496,1.077,1.697,0.0,1.0,3.537
145,2.025,0.932,0.851,2.212,1.0,0.0,4.672
146,1.636,0.64,1.695,0.408,0.0,0.0,3.861
147,3.044,1.028,0.959,3.762,1.0,0.0,5.95
148,3.993,0.223,1.214,3.563,1.0,0.0,4.611
149,2.526,0.713,1.201,2.213,1.0,0.0,3.561
150,2.508,0.58,0.941,1.701,0.0,0.0,3.345
151,3.613,1.336,0.839,2.459,0.0,0.0,4.886
152,2.377,0.827,0.938,2.239,0.0,0.0,5.005
153,2.479,0.887,0.954,1.748,0.0,0.0,4.912
154,3.601,0.223,1.35,2.545,3.0,2.0,4.32
155,3.691,0.711,1.073,1.746,0.0,2.0,5.472
156,3.049,0.762,1.258,1.996,0.0,2.0,4.369
157,2.507,0.405,1.652,0.888,0.0,2.0,2.495
158,2.647,1.286,1.278,1.602,0.0,0.0,4.508
159,3.057,1.636,0.995,4.452,0.0,2.0,8.433
160,3.179,0.0,0.805,3.386,0.0,0.0,4.322
161,2.396,1.593,1.351,3.32,0.0,0.0,6.023
162,3.86,0.223,1.55,3.661,0.0,1.0,4.51
163,1.634,0.713,1.19,1.313,0.0,0.0,2.782
164,1.429,0.223,1.804,-0.564,0.0,0.0,2.72
165,2.094,0.827,0.86,1.886,0.0,0.0,5.39
166,3.554,0.629,0.945,3.315,0.0,0.0,3.459
167,1.855,1.067,1.244,1.587,0.0,0.0,3.487
168,2.333,0.251,1.946,-1.053,0.0,0.0,2.576
169,3.332,0.134,1.519,2.242,0.0,0.0,3.554
170,3.465,1.2669999999999997,0.888,3.9874,0.0,0.0,3.623
171,1.075,1.161,0.865,0.024,0.0,1.0,5.386
172,2.435,0.331,1.532,0.586,0.0,1.0,2.014
173,3.669,0.223,1.599,3.186,0.0,0.0,3.984
174,4.324,0.0,1.205,4.738,0.0,1.0,4.302
175,3.601,0.223,1.254,2.357,0.0,1.0,3.141
176,3.181,0.604,1.52,3.126,0.0,0.0,4.68
177,2.67,0.496,2.047,-0.917,0.0,0.0,1.842
178,2.685,0.405,1.145,1.246,0.0,0.0,3.11
179,2.931,1.71,0.935,5.124,2.0,2.0,7.017
180,3.08,0.223,1.583,1.442,1.0,0.0,3.727
181,4.137,0.223,1.542,4.234,0.0,1.0,5.194
